{"cameraMode":{"drawMode":0,"name":"Shaded","section":"Shading Mode"},"sceneLighting":false,"audioPlay":false,"sceneViewState":{"showFog":true,"showMaterialUpdate":false,"showSkybox":false,"showFlares":true,"showImageEffects":true,"showParticleSystems":true},"in2DMode":false,"pivot":{"x":-0.2874569892883301,"y":6.787019729614258,"z":1.594414472579956},"rotation":{"x":0.11257942020893097,"y":-0.06999383866786957,"z":0.007965262979269028,"w":0.9911834001541138},"size":9.64140510559082,"orthographic":true}