{"cameraMode":{"drawMode":0,"name":"Shaded","section":"Shading Mode"},"sceneLighting":false,"audioPlay":false,"sceneViewState":{"showFog":true,"showMaterialUpdate":false,"showSkybox":false,"showFlares":true,"showImageEffects":true,"showParticleSystems":true},"in2DMode":false,"pivot":{"x":1.5703171491622925,"y":7.599121570587158,"z":1.4937255382537842},"rotation":{"x":-0.19169697165489198,"y":-0.3500359356403351,"z":0.07334362715482712,"w":-0.9140845537185669},"size":19.557424545288087,"orthographic":true}